reel_url,influencer,caption,views,likes,comments,video_url
https://www.instagram.com/theprimeanime/reel/DITf9abilgD/,theprimeanime,"theprimeanime on April 11, 2025: ""Sukunaâ€™s a Menace!ğŸ¥¶
.
.
.
.
.
.
.
.
.
.
Follow (@theprimeanime ) for more anime content ğŸ“ŒğŸ§¿
.
.
.
.
.
.
.
.
.
.
#jujutsukaisen #jjk #jjkseason2
#jujutsukaisenedit #jjkedit #sukuna
#ryomensukuna #sukunaedit #fyp
#viral #blowthisup #anitok #anime"". ",N/A,N/A,0,blob:https://www.instagram.com/0ddaf67c-4df2-43b7-bb45-b3751c0bb09a
https://www.instagram.com/theprimeanime/reel/DKSUdxgiM9I/,theprimeanime,"theprimeanime on May 30, 2025: ""Bachira carried first selection iclğŸ˜­ğŸ
//BMAC link in bio//
.
.
.
.
.
.
.
.
.
.
Follow (@theprimeanime ) for more anime content ğŸ§¿ğŸ“Œ
.
.
.
.
.
.
.
.
.
.
#bluelock #bl #bluelockedit #bachirameguru #bachira #bachiraedit #isagiyoichi #shidouryusei
#chigirihyoma #fyp #viral
#japan #anitok #anime #blowthisup #bluelockmanga"". ",N/A,N/A,0,blob:https://www.instagram.com/6db96ff0-f553-45df-9fa6-d82830882130
https://www.instagram.com/theprimeanime/reel/DI8njU_ifii/,theprimeanime,"theprimeanime on April 27, 2025: ""The Leader of Tokyo Manji GangğŸ¥¶
.
.
.
.
.
.
.
.
.
.
Follow (@theprimeanime ) for more anime content ğŸ“ŒğŸ§¿
.
.
.
.
.
.
.
.
.
.
#mikey #tokyorevengers #tokyo #anime #anitok #animeforyou #typ #fyyy #tokyomanjigang"". ",N/A,N/A,0,blob:https://www.instagram.com/8af46c7b-00e7-4de0-9906-50eb15ead3e1
https://www.instagram.com/theprimeanime/reel/DIgTJqmTo9x/,theprimeanime,"theprimeanime on April 16, 2025: ""Emperor at 19 is wildğŸ˜­ğŸ
.
.
.
.
.
.
.
.
.
.
Follow (@theprimeanime ) for more anime content ğŸ§¿ğŸ“Œ
.
.
.
.
.
.
.
.
.
.
#onepiece #onepieceedit #op #luffy #monkeydluffy #luffyedit #fyp #viral #blowthisup #anitok #anime #bounty #law #eustasskid"". ",N/A,N/A,0,blob:https://www.instagram.com/97968d2e-9ec9-4fef-9b3c-9757c6ea8ee9
https://www.instagram.com/theprimeanime/reel/DIqrU08iuem/,theprimeanime,"theprimeanime on April 20, 2025: ""The â€œDEMPSEY ROLLâ€ ğŸ’€ğŸ¥¶
.
.
.
.
.
.
.
.
.
.
Follow (@theprimeanime ) for more anime content! ğŸ§¿ğŸ“Œ
.
.
.
.
.
.
.
.
.
.
#ippo #hajimenoippo 
#ippomakunouchi #hajimenoippoedit
#sendo #boxing #viral #fyp"". ",N/A,2,0,blob:https://www.instagram.com/5749a88a-2bbe-4c37-bba8-0561551a541f
https://www.instagram.com/neeraj_env/reel/DEK0u-bzvPy/,neeraj_env,"17 likes, 2 comments - neeraj_env on December 29, 2024: ""ğŸ’€â˜ ï¸....

#viral #reels #trending #memes #like #comedy #dankmemes #sister"". ",N/A,17,0,blob:https://www.instagram.com/8777fa6f-3ebb-4f96-bdf6-e530572a4c9b
https://www.instagram.com/neeraj_env/reel/DD-A7tnTPWT/,neeraj_env,"10 likes, 2 comments - neeraj_env on December 24, 2024: ""Aaj fir se Bina pde so gaya.
.
.
.
.
.
#viral #reels #trending #memes #indianmemes #like #pdhai"". ",N/A,10,0,blob:https://www.instagram.com/eda312b9-45ff-4d08-bb75-e00728bb0e8e
https://www.instagram.com/neeraj_env/reel/DExOlsGPrqe/,neeraj_env,"11 likes, 1 comments - neeraj_env on January 13, 2025: ""Trying.....
.
.
.
.
.
.
.
.
#viral #gym #benchpress #trending #reels #like"". ",N/A,11,0,blob:https://www.instagram.com/6fa42c5a-9054-47ea-b996-046d2a2a6262
https://www.instagram.com/neeraj_env/reel/DBDQhLHPX2N/,neeraj_env,"10 likes, 1 comments - neeraj_env on October 12, 2024: ""Just for fun..
.
.
.
.
.
#viral #indianmemes #indianmemes #trending #reels #memes #like #dankmemes"". ",N/A,10,0,blob:https://www.instagram.com/79fce0f2-7e94-4466-ade7-a8527c67c220
https://www.instagram.com/neeraj_env/reel/DDmn_qtPaYt/,neeraj_env,"12 likes, 0 comments - neeraj_env on December 15, 2024: ""Just Random 
.
.
.
.
.
.
.
#viral #reels #trending #like #trendingreels #moon #walk"". ",N/A,12,0,blob:https://www.instagram.com/6e709ec7-6dc3-43bb-95a9-03618771c5e7
https://www.instagram.com/neeraj_env/reel/DANXSnjvSdo/,neeraj_env,Post,N/A,10,0,blob:https://www.instagram.com/5fbd73f9-ab1c-4169-b73b-36f22e21c724
https://www.instagram.com/neeraj_env/reel/C_vivcDPsY7/,neeraj_env,See translation,N/A,18,0,blob:https://www.instagram.com/24a1a20b-0cfb-4c80-9a41-6e4f514df884
https://www.instagram.com/neeraj_env/reel/C_mlnm0Pv4u/,neeraj_env,Post,N/A,20,0,blob:https://www.instagram.com/41e006d0-9dea-43a9-833c-856151395869
https://www.instagram.com/neeraj_env/reel/C_XHrwOPmzH/,neeraj_env,Post,N/A,18,0,blob:https://www.instagram.com/cb8f2b6a-09da-4efc-b128-d30bd892594b
https://www.instagram.com/neeraj_env/reel/C9SX51pvE3P/,neeraj_env,See translation,N/A,9,0,blob:https://www.instagram.com/8c8e7e07-e5be-4fb1-99c1-a304f96513b8
https://www.instagram.com/neeraj_env/reel/C6bmUw6Pixy/,neeraj_env,neeraj_env,N/A,14,0
https://www.instagram.com/neeraj_env/reel/C58-hwpvz0a/,neeraj_env,neeraj_env,N/A,17,0
https://www.instagram.com/neeraj_env/reel/C68_eIwh99x/,neeraj_env,"threefreeshit
and
neeraj_env",N/A,N/A,0
https://www.instagram.com/neeraj_env/reel/C6B0B03tYPX/,neeraj_env,neeraj_env,N/A,16,0
https://www.instagram.com/neeraj_env/reel/C5BK_zHPZbx/,neeraj_env,neeraj_env,N/A,15,0
